{"accuracy": [0.5984351634979248, 0.8515399098396301, 0.9084287881851196, 0.938245952129364, 0.9538089632987976], "loss": [1.3642266988754272, 0.46863308548927307, 0.28116485476493835, 0.18960335850715637, 0.14244556427001953], "val_accuracy": [0.8044047355651855, 0.8945481181144714, 0.9314249753952026, 0.9426929354667664, 0.9562371969223022], "val_loss": [0.6195500493049622, 0.3287583589553833, 0.2144491970539093, 0.1733771413564682, 0.13358373939990997]}